date_scanned,ticker,archetype,total_score,category_a,category_b,category_c,category_d,category_e,price_at_scan,pct_off_high_at_scan,a1_pctoffhigh,a2_rsi,a3_williams,a4_stochastic,a5_bollinger,a6_support,a7_peg_lt1,a8_cyclical_judgment,b9_mktcap,b10_grossmargin,b11_opmargin,b12_netmargin,b13_roe,b14_roa,b15_dividend,b16_epstrend,b17_leverage_judgment,c18_macd,c19_ema,c20_aroon,c21_adx,c22_relvol,c23_rsirecross,d24_epsbeat,d25_noearnings2wk,d26_tailwind_judgment,d27_catalyst_judgment,d28_pegroe_combo,e29_liquidity,e30_not_concentrated,e31_iv_extreme,e32_fitstyle_judgment,outcome_1q,outcome_1y
2026-07-07,MLI,turnaround,18,7,5,N/A,2,4,,19.7,0,3,2,N/A,N/A,N/A,N/A,2,3,N/A,N/A,N/A,N/A,N/A,2,N/A,N/A,N/A,N/A,N/A,N/A,N/A,N/A,N/A,N/A,2,N/A,N/A,2,2,N/A,N/A,,
2026-07-07,TU,turnaround,14,5,5,N/A,1,3,,38.8,0,3,2,N/A,N/A,N/A,N/A,0,3,N/A,N/A,N/A,N/A,N/A,2,N/A,N/A,N/A,N/A,N/A,N/A,N/A,N/A,N/A,N/A,1,N/A,N/A,1,2,N/A,N/A,,
2026-07-07,CRWD,turnaround,16,6,3,N/A,3,4,,4.2,0,2,2,N/A,N/A,N/A,N/A,2,3,N/A,N/A,N/A,N/A,N/A,0,N/A,N/A,N/A,N/A,N/A,N/A,N/A,N/A,N/A,N/A,3,N/A,N/A,2,2,N/A,N/A,,
2026-07-07,CRGY,turnaround,18,8,5,N/A,1,4,,36.0,0,2,2,N/A,N/A,N/A,N/A,4,3,N/A,N/A,N/A,N/A,N/A,2,N/A,N/A,N/A,N/A,N/A,N/A,N/A,N/A,N/A,N/A,1,N/A,N/A,2,2,N/A,N/A,,
2026-07-07,RGC,turnaround,23,14,3,N/A,2,4,,91.7,8,2,2,N/A,N/A,N/A,N/A,2,3,N/A,N/A,N/A,N/A,N/A,0,N/A,N/A,N/A,N/A,N/A,N/A,N/A,N/A,N/A,N/A,2,N/A,N/A,2,2,N/A,N/A,,
2026-07-07,LYB,turnaround,18,8,5,N/A,1,4,,36.7,0,2,2,N/A,N/A,N/A,N/A,4,3,N/A,N/A,N/A,N/A,N/A,2,N/A,N/A,N/A,N/A,N/A,N/A,N/A,N/A,N/A,N/A,1,N/A,N/A,2,2,N/A,N/A,,
2026-07-07,KLAC,turnaround,19,6,5,N/A,4,4,,26.4,0,2,2,N/A,N/A,N/A,N/A,2,3,N/A,N/A,N/A,N/A,N/A,2,N/A,N/A,N/A,N/A,N/A,N/A,N/A,N/A,N/A,N/A,4,N/A,N/A,2,2,N/A,N/A,,
2026-07-07,RCI,turnaround,13,4,5,N/A,1,3,,23.6,0,2,2,N/A,N/A,N/A,N/A,0,3,N/A,N/A,N/A,N/A,N/A,2,N/A,N/A,N/A,N/A,N/A,N/A,N/A,N/A,N/A,N/A,1,N/A,N/A,1,2,N/A,N/A,,
2026-07-07,AD,turnaround,16,8,3,N/A,1,4,,55.8,4,2,2,N/A,N/A,N/A,N/A,0,3,N/A,N/A,N/A,N/A,N/A,0,N/A,N/A,N/A,N/A,N/A,N/A,N/A,N/A,N/A,N/A,1,N/A,N/A,2,2,N/A,N/A,,
2026-07-07,DOW,turnaround,18,8,5,N/A,1,4,,36.0,0,2,2,N/A,N/A,N/A,N/A,4,3,N/A,N/A,N/A,N/A,N/A,2,N/A,N/A,N/A,N/A,N/A,N/A,N/A,N/A,N/A,N/A,1,N/A,N/A,2,2,N/A,N/A,,
2026-07-07,MEOH,turnaround,18,8,5,N/A,1,4,,34.4,0,2,2,N/A,N/A,N/A,N/A,4,3,N/A,N/A,N/A,N/A,N/A,2,N/A,N/A,N/A,N/A,N/A,N/A,N/A,N/A,N/A,N/A,1,N/A,N/A,2,2,N/A,N/A,,
2026-07-07,VNOM,turnaround,16,6,5,N/A,1,4,,19.8,0,2,2,N/A,N/A,N/A,N/A,2,3,N/A,N/A,N/A,N/A,N/A,2,N/A,N/A,N/A,N/A,N/A,N/A,N/A,N/A,N/A,N/A,1,N/A,N/A,2,2,N/A,N/A,,
2026-07-07,BCE,turnaround,13,4,5,N/A,1,3,,21.3,0,2,2,N/A,N/A,N/A,N/A,0,3,N/A,N/A,N/A,N/A,N/A,2,N/A,N/A,N/A,N/A,N/A,N/A,N/A,N/A,N/A,N/A,1,N/A,N/A,1,2,N/A,N/A,,
2026-07-07,LBRT,turnaround,18,8,5,N/A,1,4,,30.9,0,2,2,N/A,N/A,N/A,N/A,4,3,N/A,N/A,N/A,N/A,N/A,2,N/A,N/A,N/A,N/A,N/A,N/A,N/A,N/A,N/A,N/A,1,N/A,N/A,2,2,N/A,N/A,,
2026-07-07,LUMN,turnaround,14,6,3,N/A,1,4,,46.1,2,2,2,N/A,N/A,N/A,N/A,0,3,N/A,N/A,N/A,N/A,N/A,0,N/A,N/A,N/A,N/A,N/A,N/A,N/A,N/A,N/A,N/A,1,N/A,N/A,2,2,N/A,N/A,,
2026-07-07,CRC,turnaround,18,8,5,N/A,1,4,,30.1,0,2,2,N/A,N/A,N/A,N/A,4,3,N/A,N/A,N/A,N/A,N/A,2,N/A,N/A,N/A,N/A,N/A,N/A,N/A,N/A,N/A,N/A,1,N/A,N/A,2,2,N/A,N/A,,
2026-07-07,NE,turnaround,18,8,5,N/A,1,4,,32.0,0,2,2,N/A,N/A,N/A,N/A,4,3,N/A,N/A,N/A,N/A,N/A,2,N/A,N/A,N/A,N/A,N/A,N/A,N/A,N/A,N/A,N/A,1,N/A,N/A,2,2,N/A,N/A,,
2026-07-07,HAL,turnaround,18,8,5,N/A,1,4,,23.7,0,2,2,N/A,N/A,N/A,N/A,4,3,N/A,N/A,N/A,N/A,N/A,2,N/A,N/A,N/A,N/A,N/A,N/A,N/A,N/A,N/A,N/A,1,N/A,N/A,2,2,N/A,N/A,,
2026-07-07,PTEN,turnaround,18,8,5,N/A,1,4,,33.6,0,2,2,N/A,N/A,N/A,N/A,4,3,N/A,N/A,N/A,N/A,N/A,2,N/A,N/A,N/A,N/A,N/A,N/A,N/A,N/A,N/A,N/A,1,N/A,N/A,2,2,N/A,N/A,,
2026-07-07,TDS,turnaround,14,4,5,N/A,1,4,,28.0,0,2,2,N/A,N/A,N/A,N/A,0,3,N/A,N/A,N/A,N/A,N/A,2,N/A,N/A,N/A,N/A,N/A,N/A,N/A,N/A,N/A,N/A,1,N/A,N/A,2,2,N/A,N/A,,
2026-07-07,BKR,turnaround,18,8,5,N/A,1,4,,24.4,0,2,2,N/A,N/A,N/A,N/A,4,3,N/A,N/A,N/A,N/A,N/A,2,N/A,N/A,N/A,N/A,N/A,N/A,N/A,N/A,N/A,N/A,1,N/A,N/A,2,2,N/A,N/A,,
2026-07-07,VOD,turnaround,13,4,5,N/A,1,3,,23.5,0,2,2,N/A,N/A,N/A,N/A,0,3,N/A,N/A,N/A,N/A,N/A,2,N/A,N/A,N/A,N/A,N/A,N/A,N/A,N/A,N/A,N/A,1,N/A,N/A,1,2,N/A,N/A,,
2026-07-07,CWEN,turnaround,16,6,5,N/A,1,4,,20.7,0,2,2,N/A,N/A,N/A,N/A,2,3,N/A,N/A,N/A,N/A,N/A,2,N/A,N/A,N/A,N/A,N/A,N/A,N/A,N/A,N/A,N/A,1,N/A,N/A,2,2,N/A,N/A,,
2026-07-07,OLN,turnaround,18,8,5,N/A,1,4,,35.2,0,2,2,N/A,N/A,N/A,N/A,4,3,N/A,N/A,N/A,N/A,N/A,2,N/A,N/A,N/A,N/A,N/A,N/A,N/A,N/A,N/A,N/A,1,N/A,N/A,2,2,N/A,N/A,,
2026-07-07,CHRD,turnaround,18,8,5,N/A,1,4,,26.6,0,2,2,N/A,N/A,N/A,N/A,4,3,N/A,N/A,N/A,N/A,N/A,2,N/A,N/A,N/A,N/A,N/A,N/A,N/A,N/A,N/A,N/A,1,N/A,N/A,2,2,N/A,N/A,,
2026-07-07,VIST,turnaround,16,8,3,N/A,1,4,,22.9,0,2,2,N/A,N/A,N/A,N/A,4,3,N/A,N/A,N/A,N/A,N/A,0,N/A,N/A,N/A,N/A,N/A,N/A,N/A,N/A,N/A,N/A,1,N/A,N/A,2,2,N/A,N/A,,
2026-07-07,T,turnaround,14,4,5,N/A,1,4,,30.7,0,2,2,N/A,N/A,N/A,N/A,0,3,N/A,N/A,N/A,N/A,N/A,2,N/A,N/A,N/A,N/A,N/A,N/A,N/A,N/A,N/A,N/A,1,N/A,N/A,2,2,N/A,N/A,,
2026-07-07,HAS,turnaround,16,6,5,N/A,1,4,,26.9,0,2,2,N/A,N/A,N/A,N/A,2,3,N/A,N/A,N/A,N/A,N/A,2,N/A,N/A,N/A,N/A,N/A,N/A,N/A,N/A,N/A,N/A,1,N/A,N/A,2,2,N/A,N/A,,
2026-07-07,SLB,turnaround,18,8,5,N/A,1,4,,21.9,0,2,2,N/A,N/A,N/A,N/A,4,3,N/A,N/A,N/A,N/A,N/A,2,N/A,N/A,N/A,N/A,N/A,N/A,N/A,N/A,N/A,N/A,1,N/A,N/A,2,2,N/A,N/A,,
2026-07-07,BTE,turnaround,18,8,5,N/A,1,4,,28.1,0,2,2,N/A,N/A,N/A,N/A,4,3,N/A,N/A,N/A,N/A,N/A,2,N/A,N/A,N/A,N/A,N/A,N/A,N/A,N/A,N/A,N/A,1,N/A,N/A,2,2,N/A,N/A,,
2026-07-07,TS,turnaround,17,8,5,N/A,1,3,,16.7,0,2,2,N/A,N/A,N/A,N/A,4,3,N/A,N/A,N/A,N/A,N/A,2,N/A,N/A,N/A,N/A,N/A,N/A,N/A,N/A,N/A,N/A,1,N/A,N/A,1,2,N/A,N/A,,
2026-07-07,HP,turnaround,18,8,5,N/A,1,4,,25.9,0,2,2,N/A,N/A,N/A,N/A,4,3,N/A,N/A,N/A,N/A,N/A,2,N/A,N/A,N/A,N/A,N/A,N/A,N/A,N/A,N/A,N/A,1,N/A,N/A,2,2,N/A,N/A,,
2026-07-07,CNX,compounder,16,N/A,10,N/A,4,2,,,N/A,N/A,N/A,N/A,N/A,N/A,N/A,N/A,3,N/A,2,2,3,N/A,N/A,N/A,N/A,N/A,N/A,N/A,N/A,N/A,N/A,N/A,N/A,1,N/A,3,N/A,2,N/A,N/A,,
2026-07-07,LEG,compounder,13,N/A,7,N/A,4,2,,,N/A,N/A,N/A,N/A,N/A,N/A,N/A,N/A,0,N/A,2,2,3,N/A,N/A,N/A,N/A,N/A,N/A,N/A,N/A,N/A,N/A,N/A,N/A,1,N/A,3,N/A,2,N/A,N/A,,
2026-07-07,AUPH,compounder,14,N/A,7,N/A,5,2,,,N/A,N/A,N/A,N/A,N/A,N/A,N/A,N/A,0,N/A,2,2,3,N/A,N/A,N/A,N/A,N/A,N/A,N/A,N/A,N/A,N/A,N/A,N/A,2,N/A,3,N/A,2,N/A,N/A,,
2026-07-07,GPOR,compounder,16,N/A,10,N/A,4,2,,,N/A,N/A,N/A,N/A,N/A,N/A,N/A,N/A,3,N/A,2,2,3,N/A,N/A,N/A,N/A,N/A,N/A,N/A,N/A,N/A,N/A,N/A,N/A,1,N/A,3,N/A,2,N/A,N/A,,
2026-07-07,TGTX,compounder,17,N/A,10,N/A,5,2,,,N/A,N/A,N/A,N/A,N/A,N/A,N/A,N/A,3,N/A,2,2,3,N/A,N/A,N/A,N/A,N/A,N/A,N/A,N/A,N/A,N/A,N/A,N/A,2,N/A,3,N/A,2,N/A,N/A,,
2026-07-07,AMSC,compounder,14,N/A,7,N/A,5,2,,,N/A,N/A,N/A,N/A,N/A,N/A,N/A,N/A,0,N/A,2,2,3,N/A,N/A,N/A,N/A,N/A,N/A,N/A,N/A,N/A,N/A,N/A,N/A,2,N/A,3,N/A,2,N/A,N/A,,
2026-07-07,BYD,compounder,17,N/A,10,N/A,5,2,,,N/A,N/A,N/A,N/A,N/A,N/A,N/A,N/A,3,N/A,2,2,3,N/A,N/A,N/A,N/A,N/A,N/A,N/A,N/A,N/A,N/A,N/A,N/A,2,N/A,3,N/A,2,N/A,N/A,,
2026-07-07,ANF,compounder,17,N/A,10,N/A,5,2,,,N/A,N/A,N/A,N/A,N/A,N/A,N/A,N/A,3,N/A,2,2,3,N/A,N/A,N/A,N/A,N/A,N/A,N/A,N/A,N/A,N/A,N/A,N/A,2,N/A,3,N/A,2,N/A,N/A,,
2026-07-07,PAYP,compounder,17,N/A,10,N/A,5,2,,,N/A,N/A,N/A,N/A,N/A,N/A,N/A,N/A,3,N/A,2,2,3,N/A,N/A,N/A,N/A,N/A,N/A,N/A,N/A,N/A,N/A,N/A,N/A,2,N/A,3,N/A,2,N/A,N/A,,
2026-07-07,CALM,compounder,16,N/A,10,N/A,4,2,,,N/A,N/A,N/A,N/A,N/A,N/A,N/A,N/A,3,N/A,2,2,3,N/A,N/A,N/A,N/A,N/A,N/A,N/A,N/A,N/A,N/A,N/A,N/A,1,N/A,3,N/A,2,N/A,N/A,,
2026-07-07,ACAD,compounder,17,N/A,10,N/A,5,2,,,N/A,N/A,N/A,N/A,N/A,N/A,N/A,N/A,3,N/A,2,2,3,N/A,N/A,N/A,N/A,N/A,N/A,N/A,N/A,N/A,N/A,N/A,N/A,2,N/A,3,N/A,2,N/A,N/A,,
2026-07-07,DUOL,compounder,18,N/A,10,N/A,6,2,,,N/A,N/A,N/A,N/A,N/A,N/A,N/A,N/A,3,N/A,2,2,3,N/A,N/A,N/A,N/A,N/A,N/A,N/A,N/A,N/A,N/A,N/A,N/A,3,N/A,3,N/A,2,N/A,N/A,,
2026-07-07,TMDX,compounder,17,N/A,10,N/A,5,2,,,N/A,N/A,N/A,N/A,N/A,N/A,N/A,N/A,3,N/A,2,2,3,N/A,N/A,N/A,N/A,N/A,N/A,N/A,N/A,N/A,N/A,N/A,N/A,2,N/A,3,N/A,2,N/A,N/A,,
2026-07-07,VAL,compounder,16,N/A,10,N/A,4,2,,,N/A,N/A,N/A,N/A,N/A,N/A,N/A,N/A,3,N/A,2,2,3,N/A,N/A,N/A,N/A,N/A,N/A,N/A,N/A,N/A,N/A,N/A,N/A,1,N/A,3,N/A,2,N/A,N/A,,
2026-07-07,JCAP,compounder,14,N/A,7,N/A,5,2,,,N/A,N/A,N/A,N/A,N/A,N/A,N/A,N/A,0,N/A,2,2,3,N/A,N/A,N/A,N/A,N/A,N/A,N/A,N/A,N/A,N/A,N/A,N/A,2,N/A,3,N/A,2,N/A,N/A,,
2026-07-07,DAVE,compounder,17,N/A,10,N/A,5,2,,,N/A,N/A,N/A,N/A,N/A,N/A,N/A,N/A,3,N/A,2,2,3,N/A,N/A,N/A,N/A,N/A,N/A,N/A,N/A,N/A,N/A,N/A,N/A,2,N/A,3,N/A,2,N/A,N/A,,
2026-07-07,MWH,compounder,16,N/A,10,N/A,4,2,,,N/A,N/A,N/A,N/A,N/A,N/A,N/A,N/A,3,N/A,2,2,3,N/A,N/A,N/A,N/A,N/A,N/A,N/A,N/A,N/A,N/A,N/A,N/A,1,N/A,3,N/A,2,N/A,N/A,,
2026-07-07,BVN,compounder,16,N/A,10,N/A,4,2,,,N/A,N/A,N/A,N/A,N/A,N/A,N/A,N/A,3,N/A,2,2,3,N/A,N/A,N/A,N/A,N/A,N/A,N/A,N/A,N/A,N/A,N/A,N/A,1,N/A,3,N/A,2,N/A,N/A,,
2026-07-07,PEGA,compounder,18,N/A,10,N/A,6,2,,,N/A,N/A,N/A,N/A,N/A,N/A,N/A,N/A,3,N/A,2,2,3,N/A,N/A,N/A,N/A,N/A,N/A,N/A,N/A,N/A,N/A,N/A,N/A,3,N/A,3,N/A,2,N/A,N/A,,
2026-07-07,WFRD,compounder,16,N/A,10,N/A,4,2,,,N/A,N/A,N/A,N/A,N/A,N/A,N/A,N/A,3,N/A,2,2,3,N/A,N/A,N/A,N/A,N/A,N/A,N/A,N/A,N/A,N/A,N/A,N/A,1,N/A,3,N/A,2,N/A,N/A,,
2026-07-07,OII,compounder,17,N/A,10,N/A,5,2,,,N/A,N/A,N/A,N/A,N/A,N/A,N/A,N/A,3,N/A,2,2,3,N/A,N/A,N/A,N/A,N/A,N/A,N/A,N/A,N/A,N/A,N/A,N/A,2,N/A,3,N/A,2,N/A,N/A,,
2026-07-07,XZO,compounder,15,N/A,7,N/A,6,2,,,N/A,N/A,N/A,N/A,N/A,N/A,N/A,N/A,0,N/A,2,2,3,N/A,N/A,N/A,N/A,N/A,N/A,N/A,N/A,N/A,N/A,N/A,N/A,3,N/A,3,N/A,2,N/A,N/A,,
2026-07-07,LTM,compounder,16,N/A,10,N/A,4,2,,,N/A,N/A,N/A,N/A,N/A,N/A,N/A,N/A,3,N/A,2,2,3,N/A,N/A,N/A,N/A,N/A,N/A,N/A,N/A,N/A,N/A,N/A,N/A,1,N/A,3,N/A,2,N/A,N/A,,
2026-07-07,CVNA,compounder,17,N/A,10,N/A,5,2,,,N/A,N/A,N/A,N/A,N/A,N/A,N/A,N/A,3,N/A,2,2,3,N/A,N/A,N/A,N/A,N/A,N/A,N/A,N/A,N/A,N/A,N/A,N/A,2,N/A,3,N/A,2,N/A,N/A,,
2026-07-07,GEV,compounder,17,N/A,10,N/A,5,2,,,N/A,N/A,N/A,N/A,N/A,N/A,N/A,N/A,3,N/A,2,2,3,N/A,N/A,N/A,N/A,N/A,N/A,N/A,N/A,N/A,N/A,N/A,N/A,2,N/A,3,N/A,2,N/A,N/A,,
2026-07-07,RSI,compounder,17,N/A,10,N/A,5,2,,,N/A,N/A,N/A,N/A,N/A,N/A,N/A,N/A,3,N/A,2,2,3,N/A,N/A,N/A,N/A,N/A,N/A,N/A,N/A,N/A,N/A,N/A,N/A,2,N/A,3,N/A,2,N/A,N/A,,
2026-07-07,CGAU,compounder,16,N/A,10,N/A,4,2,,,N/A,N/A,N/A,N/A,N/A,N/A,N/A,N/A,3,N/A,2,2,3,N/A,N/A,N/A,N/A,N/A,N/A,N/A,N/A,N/A,N/A,N/A,N/A,1,N/A,3,N/A,2,N/A,N/A,,
2026-07-07,PPC,compounder,16,N/A,10,N/A,4,2,,,N/A,N/A,N/A,N/A,N/A,N/A,N/A,N/A,3,N/A,2,2,3,N/A,N/A,N/A,N/A,N/A,N/A,N/A,N/A,N/A,N/A,N/A,N/A,1,N/A,3,N/A,2,N/A,N/A,,
2026-07-07,CRDO,compounder,18,N/A,10,N/A,6,2,,,N/A,N/A,N/A,N/A,N/A,N/A,N/A,N/A,3,N/A,2,2,3,N/A,N/A,N/A,N/A,N/A,N/A,N/A,N/A,N/A,N/A,N/A,N/A,3,N/A,3,N/A,2,N/A,N/A,,
2026-07-07,DHT,compounder,16,N/A,10,N/A,4,2,,,N/A,N/A,N/A,N/A,N/A,N/A,N/A,N/A,3,N/A,2,2,3,N/A,N/A,N/A,N/A,N/A,N/A,N/A,N/A,N/A,N/A,N/A,N/A,1,N/A,3,N/A,2,N/A,N/A,,
2026-07-07,ATAT,compounder,17,N/A,10,N/A,5,2,,,N/A,N/A,N/A,N/A,N/A,N/A,N/A,N/A,3,N/A,2,2,3,N/A,N/A,N/A,N/A,N/A,N/A,N/A,N/A,N/A,N/A,N/A,N/A,2,N/A,3,N/A,2,N/A,N/A,,
2026-07-07,BLKB,compounder,15,N/A,7,N/A,6,2,,,N/A,N/A,N/A,N/A,N/A,N/A,N/A,N/A,0,N/A,2,2,3,N/A,N/A,N/A,N/A,N/A,N/A,N/A,N/A,N/A,N/A,N/A,N/A,3,N/A,3,N/A,2,N/A,N/A,,
2026-07-07,VRT,compounder,19,N/A,10,N/A,7,2,,,N/A,N/A,N/A,N/A,N/A,N/A,N/A,N/A,3,N/A,2,2,3,N/A,N/A,N/A,N/A,N/A,N/A,N/A,N/A,N/A,N/A,N/A,N/A,4,N/A,3,N/A,2,N/A,N/A,,
2026-07-07,ORLA,compounder,16,N/A,10,N/A,4,2,,,N/A,N/A,N/A,N/A,N/A,N/A,N/A,N/A,3,N/A,2,2,3,N/A,N/A,N/A,N/A,N/A,N/A,N/A,N/A,N/A,N/A,N/A,N/A,1,N/A,3,N/A,2,N/A,N/A,,
2026-07-07,UAN,compounder,13,N/A,7,N/A,4,2,,,N/A,N/A,N/A,N/A,N/A,N/A,N/A,N/A,0,N/A,2,2,3,N/A,N/A,N/A,N/A,N/A,N/A,N/A,N/A,N/A,N/A,N/A,N/A,1,N/A,3,N/A,2,N/A,N/A,,
2026-07-07,OGC,compounder,16,N/A,10,N/A,4,2,,,N/A,N/A,N/A,N/A,N/A,N/A,N/A,N/A,3,N/A,2,2,3,N/A,N/A,N/A,N/A,N/A,N/A,N/A,N/A,N/A,N/A,N/A,N/A,1,N/A,3,N/A,2,N/A,N/A,,
2026-07-07,LEVI,compounder,16,N/A,10,N/A,4,2,,,N/A,N/A,N/A,N/A,N/A,N/A,N/A,N/A,3,N/A,2,2,3,N/A,N/A,N/A,N/A,N/A,N/A,N/A,N/A,N/A,N/A,N/A,N/A,1,N/A,3,N/A,2,N/A,N/A,,
2026-07-07,STNE,compounder,17,N/A,10,N/A,5,2,,,N/A,N/A,N/A,N/A,N/A,N/A,N/A,N/A,3,N/A,2,2,3,N/A,N/A,N/A,N/A,N/A,N/A,N/A,N/A,N/A,N/A,N/A,N/A,2,N/A,3,N/A,2,N/A,N/A,,
2026-07-07,WEX,compounder,17,N/A,10,N/A,5,2,,,N/A,N/A,N/A,N/A,N/A,N/A,N/A,N/A,3,N/A,2,2,3,N/A,N/A,N/A,N/A,N/A,N/A,N/A,N/A,N/A,N/A,N/A,N/A,2,N/A,3,N/A,2,N/A,N/A,,
2026-07-07,DRVN,compounder,17,N/A,10,N/A,5,2,,,N/A,N/A,N/A,N/A,N/A,N/A,N/A,N/A,3,N/A,2,2,3,N/A,N/A,N/A,N/A,N/A,N/A,N/A,N/A,N/A,N/A,N/A,N/A,2,N/A,3,N/A,2,N/A,N/A,,
2026-07-07,CHTR,compounder,17,N/A,10,N/A,5,2,,,N/A,N/A,N/A,N/A,N/A,N/A,N/A,N/A,3,N/A,2,2,3,N/A,N/A,N/A,N/A,N/A,N/A,N/A,N/A,N/A,N/A,N/A,N/A,2,N/A,3,N/A,2,N/A,N/A,,
2026-07-07,IAG,compounder,16,N/A,10,N/A,4,2,,,N/A,N/A,N/A,N/A,N/A,N/A,N/A,N/A,3,N/A,2,2,3,N/A,N/A,N/A,N/A,N/A,N/A,N/A,N/A,N/A,N/A,N/A,N/A,1,N/A,3,N/A,2,N/A,N/A,,
2026-07-07,PDD,compounder,17,N/A,10,N/A,5,2,,,N/A,N/A,N/A,N/A,N/A,N/A,N/A,N/A,3,N/A,2,2,3,N/A,N/A,N/A,N/A,N/A,N/A,N/A,N/A,N/A,N/A,N/A,N/A,2,N/A,3,N/A,2,N/A,N/A,,
2026-07-07,UAL,compounder,16,N/A,10,N/A,4,2,,,N/A,N/A,N/A,N/A,N/A,N/A,N/A,N/A,3,N/A,2,2,3,N/A,N/A,N/A,N/A,N/A,N/A,N/A,N/A,N/A,N/A,N/A,N/A,1,N/A,3,N/A,2,N/A,N/A,,
2026-07-07,CHDN,compounder,17,N/A,10,N/A,5,2,,,N/A,N/A,N/A,N/A,N/A,N/A,N/A,N/A,3,N/A,2,2,3,N/A,N/A,N/A,N/A,N/A,N/A,N/A,N/A,N/A,N/A,N/A,N/A,2,N/A,3,N/A,2,N/A,N/A,,
2026-07-07,FUTU,compounder,17,N/A,10,N/A,5,2,,,N/A,N/A,N/A,N/A,N/A,N/A,N/A,N/A,3,N/A,2,2,3,N/A,N/A,N/A,N/A,N/A,N/A,N/A,N/A,N/A,N/A,N/A,N/A,2,N/A,3,N/A,2,N/A,N/A,,
2026-07-07,CCL,compounder,17,N/A,10,N/A,5,2,,,N/A,N/A,N/A,N/A,N/A,N/A,N/A,N/A,3,N/A,2,2,3,N/A,N/A,N/A,N/A,N/A,N/A,N/A,N/A,N/A,N/A,N/A,N/A,2,N/A,3,N/A,2,N/A,N/A,,
2026-07-07,CBL,compounder,14,N/A,7,N/A,5,2,,,N/A,N/A,N/A,N/A,N/A,N/A,N/A,N/A,0,N/A,2,2,3,N/A,N/A,N/A,N/A,N/A,N/A,N/A,N/A,N/A,N/A,N/A,N/A,2,N/A,3,N/A,2,N/A,N/A,,
2026-07-07,CF,compounder,16,N/A,10,N/A,4,2,,,N/A,N/A,N/A,N/A,N/A,N/A,N/A,N/A,3,N/A,2,2,3,N/A,N/A,N/A,N/A,N/A,N/A,N/A,N/A,N/A,N/A,N/A,N/A,1,N/A,3,N/A,2,N/A,N/A,,
2026-07-07,GCT,compounder,14,N/A,7,N/A,5,2,,,N/A,N/A,N/A,N/A,N/A,N/A,N/A,N/A,0,N/A,2,2,3,N/A,N/A,N/A,N/A,N/A,N/A,N/A,N/A,N/A,N/A,N/A,N/A,2,N/A,3,N/A,2,N/A,N/A,,
2026-07-07,KSPI,compounder,17,N/A,10,N/A,5,2,,,N/A,N/A,N/A,N/A,N/A,N/A,N/A,N/A,3,N/A,2,2,3,N/A,N/A,N/A,N/A,N/A,N/A,N/A,N/A,N/A,N/A,N/A,N/A,2,N/A,3,N/A,2,N/A,N/A,,
2026-07-07,MPLX,compounder,16,N/A,10,N/A,4,2,,,N/A,N/A,N/A,N/A,N/A,N/A,N/A,N/A,3,N/A,2,2,3,N/A,N/A,N/A,N/A,N/A,N/A,N/A,N/A,N/A,N/A,N/A,N/A,1,N/A,3,N/A,2,N/A,N/A,,
2026-07-07,VIK,compounder,17,N/A,10,N/A,5,2,,,N/A,N/A,N/A,N/A,N/A,N/A,N/A,N/A,3,N/A,2,2,3,N/A,N/A,N/A,N/A,N/A,N/A,N/A,N/A,N/A,N/A,N/A,N/A,2,N/A,3,N/A,2,N/A,N/A,,
2026-07-07,LAUR,compounder,17,N/A,10,N/A,5,2,,,N/A,N/A,N/A,N/A,N/A,N/A,N/A,N/A,3,N/A,2,2,3,N/A,N/A,N/A,N/A,N/A,N/A,N/A,N/A,N/A,N/A,N/A,N/A,2,N/A,3,N/A,2,N/A,N/A,,
2026-07-07,VG,compounder,16,N/A,10,N/A,4,2,,,N/A,N/A,N/A,N/A,N/A,N/A,N/A,N/A,3,N/A,2,2,3,N/A,N/A,N/A,N/A,N/A,N/A,N/A,N/A,N/A,N/A,N/A,N/A,1,N/A,3,N/A,2,N/A,N/A,,
2026-07-07,MELI,compounder,17,N/A,10,N/A,5,2,,,N/A,N/A,N/A,N/A,N/A,N/A,N/A,N/A,3,N/A,2,2,3,N/A,N/A,N/A,N/A,N/A,N/A,N/A,N/A,N/A,N/A,N/A,N/A,2,N/A,3,N/A,2,N/A,N/A,,
2026-07-07,CENX,compounder,16,N/A,10,N/A,4,2,,,N/A,N/A,N/A,N/A,N/A,N/A,N/A,N/A,3,N/A,2,2,3,N/A,N/A,N/A,N/A,N/A,N/A,N/A,N/A,N/A,N/A,N/A,N/A,1,N/A,3,N/A,2,N/A,N/A,,
2026-07-07,MRX,compounder,18,N/A,10,N/A,6,2,,,N/A,N/A,N/A,N/A,N/A,N/A,N/A,N/A,3,N/A,2,2,3,N/A,N/A,N/A,N/A,N/A,N/A,N/A,N/A,N/A,N/A,N/A,N/A,3,N/A,3,N/A,2,N/A,N/A,,
2026-07-07,CPA,compounder,16,N/A,10,N/A,4,2,,,N/A,N/A,N/A,N/A,N/A,N/A,N/A,N/A,3,N/A,2,2,3,N/A,N/A,N/A,N/A,N/A,N/A,N/A,N/A,N/A,N/A,N/A,N/A,1,N/A,3,N/A,2,N/A,N/A,,
2026-07-07,NXPI,compounder,19,N/A,10,N/A,7,2,,,N/A,N/A,N/A,N/A,N/A,N/A,N/A,N/A,3,N/A,2,2,3,N/A,N/A,N/A,N/A,N/A,N/A,N/A,N/A,N/A,N/A,N/A,N/A,4,N/A,3,N/A,2,N/A,N/A,,
2026-07-07,NVDA,compounder,19,N/A,10,N/A,7,2,,,N/A,N/A,N/A,N/A,N/A,N/A,N/A,N/A,3,N/A,2,2,3,N/A,N/A,N/A,N/A,N/A,N/A,N/A,N/A,N/A,N/A,N/A,N/A,4,N/A,3,N/A,2,N/A,N/A,,
2026-07-07,ADEA,compounder,18,N/A,10,N/A,6,2,,,N/A,N/A,N/A,N/A,N/A,N/A,N/A,N/A,3,N/A,2,2,3,N/A,N/A,N/A,N/A,N/A,N/A,N/A,N/A,N/A,N/A,N/A,N/A,3,N/A,3,N/A,2,N/A,N/A,,
2026-07-07,ROST,compounder,17,N/A,10,N/A,5,2,,,N/A,N/A,N/A,N/A,N/A,N/A,N/A,N/A,3,N/A,2,2,3,N/A,N/A,N/A,N/A,N/A,N/A,N/A,N/A,N/A,N/A,N/A,N/A,2,N/A,3,N/A,2,N/A,N/A,,
2026-07-07,RL,compounder,16,N/A,10,N/A,4,2,,,N/A,N/A,N/A,N/A,N/A,N/A,N/A,N/A,3,N/A,2,2,3,N/A,N/A,N/A,N/A,N/A,N/A,N/A,N/A,N/A,N/A,N/A,N/A,1,N/A,3,N/A,2,N/A,N/A,,
2026-07-07,ENR,compounder,13,N/A,7,N/A,4,2,,,N/A,N/A,N/A,N/A,N/A,N/A,N/A,N/A,0,N/A,2,2,3,N/A,N/A,N/A,N/A,N/A,N/A,N/A,N/A,N/A,N/A,N/A,N/A,1,N/A,3,N/A,2,N/A,N/A,,
2026-07-07,SYY,compounder,17,N/A,10,N/A,5,2,,,N/A,N/A,N/A,N/A,N/A,N/A,N/A,N/A,3,N/A,2,2,3,N/A,N/A,N/A,N/A,N/A,N/A,N/A,N/A,N/A,N/A,N/A,N/A,2,N/A,3,N/A,2,N/A,N/A,,
2026-07-07,BLBD,compounder,16,N/A,10,N/A,4,2,,,N/A,N/A,N/A,N/A,N/A,N/A,N/A,N/A,3,N/A,2,2,3,N/A,N/A,N/A,N/A,N/A,N/A,N/A,N/A,N/A,N/A,N/A,N/A,1,N/A,3,N/A,2,N/A,N/A,,
2026-07-07,EXEL,compounder,17,N/A,10,N/A,5,2,,,N/A,N/A,N/A,N/A,N/A,N/A,N/A,N/A,3,N/A,2,2,3,N/A,N/A,N/A,N/A,N/A,N/A,N/A,N/A,N/A,N/A,N/A,N/A,2,N/A,3,N/A,2,N/A,N/A,,
2026-07-07,VIRT,compounder,17,N/A,10,N/A,5,2,,,N/A,N/A,N/A,N/A,N/A,N/A,N/A,N/A,3,N/A,2,2,3,N/A,N/A,N/A,N/A,N/A,N/A,N/A,N/A,N/A,N/A,N/A,N/A,2,N/A,3,N/A,2,N/A,N/A,,
2026-07-07,SEZL,compounder,18,N/A,10,N/A,6,2,,,N/A,N/A,N/A,N/A,N/A,N/A,N/A,N/A,3,N/A,2,2,3,N/A,N/A,N/A,N/A,N/A,N/A,N/A,N/A,N/A,N/A,N/A,N/A,3,N/A,3,N/A,2,N/A,N/A,,
2026-07-07,AIZ,moonshot_growth,10,N/A,5,N/A,2,3,,,N/A,N/A,N/A,N/A,N/A,N/A,N/A,N/A,3,N/A,N/A,N/A,N/A,N/A,2,N/A,N/A,N/A,N/A,N/A,N/A,N/A,N/A,N/A,N/A,2,N/A,N/A,1,2,N/A,N/A,,
2026-07-07,CNA,moonshot_growth,9,N/A,5,N/A,2,2,,,N/A,N/A,N/A,N/A,N/A,N/A,N/A,N/A,3,N/A,N/A,N/A,N/A,N/A,2,N/A,N/A,N/A,N/A,N/A,N/A,N/A,N/A,N/A,N/A,2,N/A,N/A,0,2,N/A,N/A,,
2026-07-07,CRL,moonshot_growth,9,N/A,3,N/A,2,4,,,N/A,N/A,N/A,N/A,N/A,N/A,N/A,N/A,3,N/A,N/A,N/A,N/A,N/A,0,N/A,N/A,N/A,N/A,N/A,N/A,N/A,N/A,N/A,N/A,2,N/A,N/A,2,2,N/A,N/A,,
2026-07-07,TECH,moonshot_growth,11,N/A,5,N/A,2,4,,,N/A,N/A,N/A,N/A,N/A,N/A,N/A,N/A,3,N/A,N/A,N/A,N/A,N/A,2,N/A,N/A,N/A,N/A,N/A,N/A,N/A,N/A,N/A,N/A,2,N/A,N/A,2,2,N/A,N/A,,
2026-07-07,APGE,moonshot_growth,9,N/A,3,N/A,2,4,,,N/A,81.6,N/A,N/A,N/A,N/A,N/A,N/A,3,N/A,N/A,N/A,N/A,N/A,0,N/A,N/A,N/A,N/A,N/A,43.7,N/A,N/A,N/A,N/A,2,N/A,N/A,2,2,N/A,N/A,,
2026-07-07,CORT,moonshot_growth,9,N/A,3,N/A,2,4,,,N/A,81.9,N/A,N/A,N/A,N/A,N/A,N/A,3,N/A,N/A,N/A,N/A,N/A,0,N/A,N/A,N/A,N/A,N/A,61.8,N/A,N/A,N/A,N/A,2,N/A,N/A,2,2,N/A,N/A,,
2026-07-07,COMP,moonshot_growth,9,N/A,3,N/A,2,4,,,N/A,N/A,N/A,N/A,N/A,N/A,N/A,N/A,3,N/A,N/A,N/A,N/A,N/A,0,N/A,N/A,N/A,N/A,N/A,N/A,N/A,N/A,N/A,N/A,2,N/A,N/A,2,2,N/A,N/A,,
2026-07-07,ALKS,moonshot_growth,9,N/A,3,N/A,2,4,,,N/A,N/A,N/A,N/A,N/A,N/A,N/A,N/A,3,N/A,N/A,N/A,N/A,N/A,0,N/A,N/A,N/A,N/A,N/A,N/A,N/A,N/A,N/A,N/A,2,N/A,N/A,2,2,N/A,N/A,,
2026-07-07,VOYA,moonshot_growth,11,N/A,5,N/A,2,4,,,N/A,N/A,N/A,N/A,N/A,N/A,N/A,N/A,3,N/A,N/A,N/A,N/A,N/A,2,N/A,N/A,N/A,N/A,N/A,N/A,N/A,N/A,N/A,N/A,2,N/A,N/A,2,2,N/A,N/A,,
2026-07-07,PTGX,moonshot_growth,9,N/A,3,N/A,2,4,,,N/A,N/A,N/A,N/A,N/A,N/A,N/A,N/A,3,N/A,N/A,N/A,N/A,N/A,0,N/A,N/A,N/A,N/A,N/A,N/A,N/A,N/A,N/A,N/A,2,N/A,N/A,2,2,N/A,N/A,,
2026-07-07,FSS,moonshot_growth,10,N/A,5,N/A,1,4,,,N/A,N/A,N/A,N/A,N/A,N/A,N/A,N/A,3,N/A,N/A,N/A,N/A,N/A,2,N/A,N/A,N/A,N/A,N/A,N/A,N/A,N/A,N/A,N/A,1,N/A,N/A,2,2,N/A,N/A,,
2026-07-07,THG,moonshot_growth,11,N/A,5,N/A,2,4,,,N/A,N/A,N/A,N/A,N/A,N/A,N/A,N/A,3,N/A,N/A,N/A,N/A,N/A,2,N/A,N/A,N/A,N/A,N/A,N/A,N/A,N/A,N/A,N/A,2,N/A,N/A,2,2,N/A,N/A,,
2026-07-07,LOAR,moonshot_growth,11,N/A,3,N/A,4,4,,,N/A,N/A,N/A,N/A,N/A,N/A,N/A,N/A,3,N/A,N/A,N/A,N/A,N/A,0,N/A,N/A,N/A,N/A,N/A,N/A,N/A,N/A,N/A,N/A,4,N/A,N/A,2,2,N/A,N/A,,
2026-07-07,GOLF,moonshot_growth,10,N/A,5,N/A,1,4,,,N/A,N/A,N/A,N/A,N/A,N/A,N/A,N/A,3,N/A,N/A,N/A,N/A,N/A,2,N/A,N/A,N/A,N/A,N/A,N/A,N/A,N/A,N/A,N/A,1,N/A,N/A,2,2,N/A,N/A,,
2026-07-07,CACC,moonshot_growth,9,N/A,3,N/A,2,4,,,N/A,N/A,N/A,N/A,N/A,N/A,N/A,N/A,3,N/A,N/A,N/A,N/A,N/A,0,N/A,N/A,N/A,N/A,N/A,N/A,N/A,N/A,N/A,N/A,2,N/A,N/A,2,2,N/A,N/A,,
2026-07-07,LGND,moonshot_growth,9,N/A,3,N/A,2,4,,,N/A,N/A,N/A,N/A,N/A,N/A,N/A,N/A,3,N/A,N/A,N/A,N/A,N/A,0,N/A,N/A,N/A,N/A,N/A,N/A,N/A,N/A,N/A,N/A,2,N/A,N/A,2,2,N/A,N/A,,
2026-07-07,CVLT,moonshot_growth,10,N/A,3,N/A,3,4,,,N/A,78.8,N/A,N/A,N/A,N/A,N/A,N/A,3,N/A,N/A,N/A,N/A,N/A,0,N/A,N/A,N/A,N/A,N/A,51.9,N/A,N/A,N/A,N/A,3,N/A,N/A,2,2,N/A,N/A,,
2026-07-07,DFTX,moonshot_growth,9,N/A,3,N/A,2,4,,,N/A,N/A,N/A,N/A,N/A,N/A,N/A,N/A,3,N/A,N/A,N/A,N/A,N/A,0,N/A,N/A,N/A,N/A,N/A,N/A,N/A,N/A,N/A,N/A,2,N/A,N/A,2,2,N/A,N/A,,
2026-07-07,ENVA,moonshot_growth,9,N/A,3,N/A,2,4,,,N/A,79.3,N/A,N/A,N/A,N/A,N/A,N/A,3,N/A,N/A,N/A,N/A,N/A,0,N/A,N/A,N/A,N/A,N/A,54.1,N/A,N/A,N/A,N/A,2,N/A,N/A,2,2,N/A,N/A,,
2026-07-07,RLI,moonshot_growth,11,N/A,5,N/A,2,4,,,N/A,N/A,N/A,N/A,N/A,N/A,N/A,N/A,3,N/A,N/A,N/A,N/A,N/A,2,N/A,N/A,N/A,N/A,N/A,N/A,N/A,N/A,N/A,N/A,2,N/A,N/A,2,2,N/A,N/A,,
2026-07-07,ACIW,moonshot_growth,10,N/A,3,N/A,3,4,,,N/A,N/A,N/A,N/A,N/A,N/A,N/A,N/A,3,N/A,N/A,N/A,N/A,N/A,0,N/A,N/A,N/A,N/A,N/A,N/A,N/A,N/A,N/A,N/A,3,N/A,N/A,2,2,N/A,N/A,,
2026-07-07,AX,moonshot_growth,8,N/A,3,N/A,2,3,,,N/A,N/A,N/A,N/A,N/A,N/A,N/A,N/A,3,N/A,N/A,N/A,N/A,N/A,0,N/A,N/A,N/A,N/A,N/A,N/A,N/A,N/A,N/A,N/A,2,N/A,N/A,1,2,N/A,N/A,,
2026-07-07,FTDR,moonshot_growth,8,N/A,3,N/A,1,4,,,N/A,N/A,N/A,N/A,N/A,N/A,N/A,N/A,3,N/A,N/A,N/A,N/A,N/A,0,N/A,N/A,N/A,N/A,N/A,N/A,N/A,N/A,N/A,N/A,1,N/A,N/A,2,2,N/A,N/A,,
2026-07-07,LMND,moonshot_growth,9,N/A,3,N/A,2,4,,,N/A,N/A,N/A,N/A,N/A,N/A,N/A,N/A,3,N/A,N/A,N/A,N/A,N/A,0,N/A,N/A,N/A,N/A,N/A,N/A,N/A,N/A,N/A,N/A,2,N/A,N/A,2,2,N/A,N/A,,
2026-07-07,TFSL,moonshot_growth,10,N/A,5,N/A,2,3,,,N/A,N/A,N/A,N/A,N/A,N/A,N/A,N/A,3,N/A,N/A,N/A,N/A,N/A,2,N/A,N/A,N/A,N/A,N/A,N/A,N/A,N/A,N/A,N/A,2,N/A,N/A,1,2,N/A,N/A,,
2026-07-07,ALHC,moonshot_growth,9,N/A,3,N/A,2,4,,,N/A,N/A,N/A,N/A,N/A,N/A,N/A,N/A,3,N/A,N/A,N/A,N/A,N/A,0,N/A,N/A,N/A,N/A,N/A,N/A,N/A,N/A,N/A,N/A,2,N/A,N/A,2,2,N/A,N/A,,
2026-07-07,SLGN,moonshot_growth,10,N/A,5,N/A,1,4,,,N/A,N/A,N/A,N/A,N/A,N/A,N/A,N/A,3,N/A,N/A,N/A,N/A,N/A,2,N/A,N/A,N/A,N/A,N/A,N/A,N/A,N/A,N/A,N/A,1,N/A,N/A,2,2,N/A,N/A,,
2026-07-07,HHH,moonshot_growth,8,N/A,3,N/A,2,3,,,N/A,N/A,N/A,N/A,N/A,N/A,N/A,N/A,3,N/A,N/A,N/A,N/A,N/A,0,N/A,N/A,N/A,N/A,N/A,N/A,N/A,N/A,N/A,N/A,2,N/A,N/A,1,2,N/A,N/A,,
2026-07-07,CDP,moonshot_growth,11,N/A,5,N/A,2,4,,,N/A,N/A,N/A,N/A,N/A,N/A,N/A,N/A,3,N/A,N/A,N/A,N/A,N/A,2,N/A,N/A,N/A,N/A,N/A,N/A,N/A,N/A,N/A,N/A,2,N/A,N/A,2,2,N/A,N/A,,
2026-07-07,IPAR,moonshot_growth,10,N/A,5,N/A,1,4,,,N/A,N/A,N/A,N/A,N/A,N/A,N/A,N/A,3,N/A,N/A,N/A,N/A,N/A,2,N/A,N/A,N/A,N/A,N/A,N/A,N/A,N/A,N/A,N/A,1,N/A,N/A,2,2,N/A,N/A,,
2026-07-07,WSBC,moonshot_growth,11,N/A,5,N/A,2,4,,,N/A,N/A,N/A,N/A,N/A,N/A,N/A,N/A,3,N/A,N/A,N/A,N/A,N/A,2,N/A,N/A,N/A,N/A,N/A,N/A,N/A,N/A,N/A,N/A,2,N/A,N/A,2,2,N/A,N/A,,
2026-07-07,GPCR,moonshot_growth,9,N/A,3,N/A,2,4,,,N/A,N/A,N/A,N/A,N/A,N/A,N/A,N/A,3,N/A,N/A,N/A,N/A,N/A,0,N/A,N/A,N/A,N/A,N/A,N/A,N/A,N/A,N/A,N/A,2,N/A,N/A,2,2,N/A,N/A,,
2026-07-07,PLMR,moonshot_growth,9,N/A,3,N/A,2,4,,,N/A,N/A,N/A,N/A,N/A,N/A,N/A,N/A,3,N/A,N/A,N/A,N/A,N/A,0,N/A,N/A,N/A,N/A,N/A,N/A,N/A,N/A,N/A,N/A,2,N/A,N/A,2,2,N/A,N/A,,
2026-07-07,HIW,moonshot_growth,11,N/A,5,N/A,2,4,,,N/A,N/A,N/A,N/A,N/A,N/A,N/A,N/A,3,N/A,N/A,N/A,N/A,N/A,2,N/A,N/A,N/A,N/A,N/A,N/A,N/A,N/A,N/A,N/A,2,N/A,N/A,2,2,N/A,N/A,,
2026-07-07,PRVA,moonshot_growth,9,N/A,3,N/A,2,4,,,N/A,N/A,N/A,N/A,N/A,N/A,N/A,N/A,3,N/A,N/A,N/A,N/A,N/A,0,N/A,N/A,N/A,N/A,N/A,N/A,N/A,N/A,N/A,N/A,2,N/A,N/A,2,2,N/A,N/A,,
2026-07-07,RARE,moonshot_growth,9,N/A,3,N/A,2,4,,,N/A,76.4,N/A,N/A,N/A,N/A,N/A,N/A,3,N/A,N/A,N/A,N/A,N/A,0,N/A,N/A,N/A,N/A,N/A,47.0,N/A,N/A,N/A,N/A,2,N/A,N/A,2,2,N/A,N/A,,
2026-07-07,HNI,moonshot_growth,11,N/A,5,N/A,2,4,,,N/A,N/A,N/A,N/A,N/A,N/A,N/A,N/A,3,N/A,N/A,N/A,N/A,N/A,2,N/A,N/A,N/A,N/A,N/A,N/A,N/A,N/A,N/A,N/A,2,N/A,N/A,2,2,N/A,N/A,,
2026-07-07,MGNI,moonshot_growth,10,N/A,3,N/A,3,4,,,N/A,N/A,N/A,N/A,N/A,N/A,N/A,N/A,3,N/A,N/A,N/A,N/A,N/A,0,N/A,N/A,N/A,N/A,N/A,N/A,N/A,N/A,N/A,N/A,3,N/A,N/A,2,2,N/A,N/A,,
2026-07-07,GRND,moonshot_growth,10,N/A,3,N/A,3,4,,,N/A,N/A,N/A,N/A,N/A,N/A,N/A,N/A,3,N/A,N/A,N/A,N/A,N/A,0,N/A,N/A,N/A,N/A,N/A,N/A,N/A,N/A,N/A,N/A,3,N/A,N/A,2,2,N/A,N/A,,
2026-07-07,DCO,moonshot_growth,11,N/A,3,N/A,4,4,,,N/A,N/A,N/A,N/A,N/A,N/A,N/A,N/A,3,N/A,N/A,N/A,N/A,N/A,0,N/A,N/A,N/A,N/A,N/A,N/A,N/A,N/A,N/A,N/A,4,N/A,N/A,2,2,N/A,N/A,,
2026-07-07,WLYB,moonshot_growth,9,N/A,5,N/A,2,2,,,N/A,N/A,N/A,N/A,N/A,N/A,N/A,N/A,3,N/A,N/A,N/A,N/A,N/A,2,N/A,N/A,N/A,N/A,N/A,N/A,N/A,N/A,N/A,N/A,2,N/A,N/A,0,2,N/A,N/A,,
2026-07-07,PAYO,moonshot_growth,9,N/A,3,N/A,2,4,,,N/A,77.5,N/A,N/A,N/A,N/A,N/A,N/A,3,N/A,N/A,N/A,N/A,N/A,0,N/A,N/A,N/A,N/A,N/A,47.8,N/A,N/A,N/A,N/A,2,N/A,N/A,2,2,N/A,N/A,,
2026-07-07,PGNY,moonshot_growth,9,N/A,3,N/A,2,4,,,N/A,83.6,N/A,N/A,N/A,N/A,N/A,N/A,3,N/A,N/A,N/A,N/A,N/A,0,N/A,N/A,N/A,N/A,N/A,58.7,N/A,N/A,N/A,N/A,2,N/A,N/A,2,2,N/A,N/A,,
2026-07-07,HMN,moonshot_growth,10,N/A,5,N/A,2,3,,,N/A,80.5,N/A,N/A,N/A,N/A,N/A,N/A,3,N/A,N/A,N/A,N/A,N/A,2,N/A,N/A,N/A,N/A,N/A,50.8,N/A,N/A,N/A,N/A,2,N/A,N/A,1,2,N/A,N/A,,
2026-07-07,UFPT,moonshot_growth,8,N/A,3,N/A,1,4,,,N/A,N/A,N/A,N/A,N/A,N/A,N/A,N/A,3,N/A,N/A,N/A,N/A,N/A,0,N/A,N/A,N/A,N/A,N/A,N/A,N/A,N/A,N/A,N/A,1,N/A,N/A,2,2,N/A,N/A,,
2026-07-07,ATEX,moonshot_growth,8,N/A,3,N/A,1,4,,,N/A,78.9,N/A,N/A,N/A,N/A,N/A,N/A,3,N/A,N/A,N/A,N/A,N/A,0,N/A,N/A,N/A,N/A,N/A,47.3,N/A,N/A,N/A,N/A,1,N/A,N/A,2,2,N/A,N/A,,
2026-07-07,AVAH,moonshot_growth,9,N/A,3,N/A,2,4,,,N/A,N/A,N/A,N/A,N/A,N/A,N/A,N/A,3,N/A,N/A,N/A,N/A,N/A,0,N/A,N/A,N/A,N/A,N/A,N/A,N/A,N/A,N/A,N/A,2,N/A,N/A,2,2,N/A,N/A,,
2026-07-07,NEO,moonshot_growth,6,N/A,0,N/A,2,4,,,N/A,83.1,N/A,N/A,N/A,N/A,N/A,N/A,0,N/A,N/A,N/A,N/A,N/A,0,N/A,N/A,N/A,N/A,N/A,50.6,N/A,N/A,N/A,N/A,2,N/A,N/A,2,2,N/A,N/A,,
2026-07-07,WLFC,moonshot_growth,8,N/A,2,N/A,2,4,,,N/A,N/A,N/A,N/A,N/A,N/A,N/A,N/A,0,N/A,N/A,N/A,N/A,N/A,2,N/A,N/A,N/A,N/A,N/A,N/A,N/A,N/A,N/A,N/A,2,N/A,N/A,2,2,N/A,N/A,,
2026-07-07,INNV,moonshot_growth,7,N/A,0,N/A,3,4,,,N/A,N/A,N/A,N/A,N/A,N/A,N/A,N/A,0,N/A,N/A,N/A,N/A,N/A,0,N/A,N/A,N/A,N/A,N/A,N/A,N/A,N/A,N/A,N/A,3,N/A,N/A,2,2,N/A,N/A,,
2026-07-07,XERS,moonshot_growth,6,N/A,0,N/A,2,4,,,N/A,84.3,N/A,N/A,N/A,N/A,N/A,N/A,0,N/A,N/A,N/A,N/A,N/A,0,N/A,N/A,N/A,N/A,N/A,50.2,N/A,N/A,N/A,N/A,2,N/A,N/A,2,2,N/A,N/A,,
2026-07-07,NUTX,moonshot_growth,6,N/A,0,N/A,2,4,,,N/A,N/A,N/A,N/A,N/A,N/A,N/A,N/A,0,N/A,N/A,N/A,N/A,N/A,0,N/A,N/A,N/A,N/A,N/A,N/A,N/A,N/A,N/A,N/A,2,N/A,N/A,2,2,N/A,N/A,,
2026-07-07,PNTG,moonshot_growth,6,N/A,0,N/A,2,4,,,N/A,N/A,N/A,N/A,N/A,N/A,N/A,N/A,0,N/A,N/A,N/A,N/A,N/A,0,N/A,N/A,N/A,N/A,N/A,N/A,N/A,N/A,N/A,N/A,2,N/A,N/A,2,2,N/A,N/A,,
2026-07-07,BH,moonshot_growth,6,N/A,0,N/A,2,4,,,N/A,N/A,N/A,N/A,N/A,N/A,N/A,N/A,0,N/A,N/A,N/A,N/A,N/A,0,N/A,N/A,N/A,N/A,N/A,N/A,N/A,N/A,N/A,N/A,2,N/A,N/A,2,2,N/A,N/A,,
2026-07-07,GSHD,moonshot_growth,6,N/A,0,N/A,2,4,,,N/A,N/A,N/A,N/A,N/A,N/A,N/A,N/A,0,N/A,N/A,N/A,N/A,N/A,0,N/A,N/A,N/A,N/A,N/A,N/A,N/A,N/A,N/A,N/A,2,N/A,N/A,2,2,N/A,N/A,,
2026-07-07,SLDB,moonshot_growth,6,N/A,0,N/A,2,4,,,N/A,N/A,N/A,N/A,N/A,N/A,N/A,N/A,0,N/A,N/A,N/A,N/A,N/A,0,N/A,N/A,N/A,N/A,N/A,N/A,N/A,N/A,N/A,N/A,2,N/A,N/A,2,2,N/A,N/A,,
2026-07-07,QNST,moonshot_growth,6,N/A,0,N/A,2,4,,,N/A,N/A,N/A,N/A,N/A,N/A,N/A,N/A,0,N/A,N/A,N/A,N/A,N/A,0,N/A,N/A,N/A,N/A,N/A,N/A,N/A,N/A,N/A,N/A,2,N/A,N/A,2,2,N/A,N/A,,
2026-07-07,TDUP,moonshot_growth,6,N/A,0,N/A,2,4,,,N/A,77.4,N/A,N/A,N/A,N/A,N/A,N/A,0,N/A,N/A,N/A,N/A,N/A,0,N/A,N/A,N/A,N/A,N/A,50.5,N/A,N/A,N/A,N/A,2,N/A,N/A,2,2,N/A,N/A,,
2026-07-07,EVER,moonshot_growth,7,N/A,0,N/A,3,4,,,N/A,N/A,N/A,N/A,N/A,N/A,N/A,N/A,0,N/A,N/A,N/A,N/A,N/A,0,N/A,N/A,N/A,N/A,N/A,N/A,N/A,N/A,N/A,N/A,3,N/A,N/A,2,2,N/A,N/A,,
2026-07-07,HSTM,moonshot_growth,9,N/A,2,N/A,3,4,,,N/A,N/A,N/A,N/A,N/A,N/A,N/A,N/A,0,N/A,N/A,N/A,N/A,N/A,2,N/A,N/A,N/A,N/A,N/A,N/A,N/A,N/A,N/A,N/A,3,N/A,N/A,2,2,N/A,N/A,,
2026-07-07,GCMG,moonshot_growth,11,N/A,5,N/A,2,4,,,N/A,N/A,N/A,N/A,N/A,N/A,N/A,N/A,3,N/A,N/A,N/A,N/A,N/A,2,N/A,N/A,N/A,N/A,N/A,N/A,N/A,N/A,N/A,N/A,2,N/A,N/A,2,2,N/A,N/A,,
2026-07-07,XOMA,moonshot_growth,6,N/A,0,N/A,2,4,,,N/A,N/A,N/A,N/A,N/A,N/A,N/A,N/A,0,N/A,N/A,N/A,N/A,N/A,0,N/A,N/A,N/A,N/A,N/A,N/A,N/A,N/A,N/A,N/A,2,N/A,N/A,2,2,N/A,N/A,,
2026-07-07,MAX,moonshot_growth,7,N/A,0,N/A,3,4,,,N/A,88.2,N/A,N/A,N/A,N/A,N/A,N/A,0,N/A,N/A,N/A,N/A,N/A,0,N/A,N/A,N/A,N/A,N/A,44.2,N/A,N/A,N/A,N/A,3,N/A,N/A,2,2,N/A,N/A,,
2026-07-07,RIGL,moonshot_growth,6,N/A,0,N/A,2,4,,,N/A,N/A,N/A,N/A,N/A,N/A,N/A,N/A,0,N/A,N/A,N/A,N/A,N/A,0,N/A,N/A,N/A,N/A,N/A,N/A,N/A,N/A,N/A,N/A,2,N/A,N/A,2,2,N/A,N/A,,
2026-07-07,TCMD,moonshot_growth,6,N/A,0,N/A,2,4,,,N/A,N/A,N/A,N/A,N/A,N/A,N/A,N/A,0,N/A,N/A,N/A,N/A,N/A,0,N/A,N/A,N/A,N/A,N/A,N/A,N/A,N/A,N/A,N/A,2,N/A,N/A,2,2,N/A,N/A,,
2026-07-07,RGNX,moonshot_growth,6,N/A,0,N/A,2,4,,,N/A,N/A,N/A,N/A,N/A,N/A,N/A,N/A,0,N/A,N/A,N/A,N/A,N/A,0,N/A,N/A,N/A,N/A,N/A,N/A,N/A,N/A,N/A,N/A,2,N/A,N/A,2,2,N/A,N/A,,
2026-07-07,KRT,moonshot_growth,7,N/A,2,N/A,1,4,,,N/A,N/A,N/A,N/A,N/A,N/A,N/A,N/A,0,N/A,N/A,N/A,N/A,N/A,2,N/A,N/A,N/A,N/A,N/A,N/A,N/A,N/A,N/A,N/A,1,N/A,N/A,2,2,N/A,N/A,,
2026-07-07,GCBC,moonshot_growth,8,N/A,2,N/A,2,4,,,N/A,N/A,N/A,N/A,N/A,N/A,N/A,N/A,0,N/A,N/A,N/A,N/A,N/A,2,N/A,N/A,N/A,N/A,N/A,N/A,N/A,N/A,N/A,N/A,2,N/A,N/A,2,2,N/A,N/A,,
2026-07-07,BME,moonshot_growth,6,N/A,2,N/A,1,3,,,N/A,N/A,N/A,N/A,N/A,N/A,N/A,N/A,0,N/A,N/A,N/A,N/A,N/A,2,N/A,N/A,N/A,N/A,N/A,N/A,N/A,N/A,N/A,N/A,1,N/A,N/A,1,2,N/A,N/A,,
2026-07-07,ITIC,moonshot_growth,8,N/A,2,N/A,2,4,,,N/A,N/A,N/A,N/A,N/A,N/A,N/A,N/A,0,N/A,N/A,N/A,N/A,N/A,2,N/A,N/A,N/A,N/A,N/A,N/A,N/A,N/A,N/A,N/A,2,N/A,N/A,2,2,N/A,N/A,,
2026-07-07,TBRG,moonshot_growth,6,N/A,0,N/A,2,4,,,N/A,80.6,N/A,N/A,N/A,N/A,N/A,N/A,0,N/A,N/A,N/A,N/A,N/A,0,N/A,N/A,N/A,N/A,N/A,72.6,N/A,N/A,N/A,N/A,2,N/A,N/A,2,2,N/A,N/A,,
2026-07-07,ELMD,moonshot_growth,6,N/A,0,N/A,2,4,,,N/A,N/A,N/A,N/A,N/A,N/A,N/A,N/A,0,N/A,N/A,N/A,N/A,N/A,0,N/A,N/A,N/A,N/A,N/A,N/A,N/A,N/A,N/A,N/A,2,N/A,N/A,2,2,N/A,N/A,,
2026-07-07,DAVE,moonshot_growth,9,N/A,3,N/A,2,4,,,N/A,N/A,N/A,N/A,N/A,N/A,N/A,N/A,3,N/A,N/A,N/A,N/A,N/A,0,N/A,N/A,N/A,N/A,N/A,N/A,N/A,N/A,N/A,N/A,2,N/A,N/A,2,2,N/A,N/A,,
2026-07-07,ACAD,moonshot_growth,9,N/A,3,N/A,2,4,,,N/A,N/A,N/A,N/A,N/A,N/A,N/A,N/A,3,N/A,N/A,N/A,N/A,N/A,0,N/A,N/A,N/A,N/A,N/A,N/A,N/A,N/A,N/A,N/A,2,N/A,N/A,2,2,N/A,N/A,,
2026-07-07,SEZL,moonshot_growth,10,N/A,3,N/A,3,4,,,N/A,N/A,N/A,N/A,N/A,N/A,N/A,N/A,3,N/A,N/A,N/A,N/A,N/A,0,N/A,N/A,N/A,N/A,N/A,N/A,N/A,N/A,N/A,N/A,3,N/A,N/A,2,2,N/A,N/A,,
2026-07-07,NVO,steady_value,12,N/A,8,N/A,2,2,,,N/A,N/A,N/A,N/A,N/A,N/A,N/A,N/A,3,N/A,2,N/A,3,N/A,N/A,N/A,N/A,N/A,N/A,N/A,N/A,N/A,N/A,N/A,N/A,2,N/A,N/A,N/A,2,N/A,N/A,,
2026-07-07,VZ,steady_value,11,N/A,8,N/A,1,2,,,N/A,N/A,N/A,N/A,N/A,N/A,N/A,N/A,3,N/A,2,N/A,3,N/A,N/A,N/A,N/A,N/A,N/A,N/A,N/A,N/A,N/A,N/A,N/A,1,N/A,N/A,N/A,2,N/A,N/A,,
2026-07-07,GILD,steady_value,12,N/A,8,N/A,2,2,,,N/A,N/A,N/A,N/A,N/A,N/A,N/A,N/A,3,N/A,2,N/A,3,N/A,N/A,N/A,N/A,N/A,N/A,N/A,N/A,N/A,N/A,N/A,N/A,2,N/A,N/A,N/A,2,N/A,N/A,,
2026-07-07,BMY,steady_value,12,N/A,8,N/A,2,2,,,N/A,N/A,N/A,N/A,N/A,N/A,N/A,N/A,3,N/A,2,N/A,3,N/A,N/A,N/A,N/A,N/A,N/A,N/A,N/A,N/A,N/A,N/A,N/A,2,N/A,N/A,N/A,2,N/A,N/A,,
2026-07-07,GSK,steady_value,12,N/A,8,N/A,2,2,,,N/A,N/A,N/A,N/A,N/A,N/A,N/A,N/A,3,N/A,2,N/A,3,N/A,N/A,N/A,N/A,N/A,N/A,N/A,N/A,N/A,N/A,N/A,N/A,2,N/A,N/A,N/A,2,N/A,N/A,,
2026-07-07,NEM,steady_value,11,N/A,8,N/A,1,2,,,N/A,N/A,N/A,N/A,N/A,N/A,N/A,N/A,3,N/A,2,N/A,3,N/A,N/A,N/A,N/A,N/A,N/A,N/A,N/A,N/A,N/A,N/A,N/A,1,N/A,N/A,N/A,2,N/A,N/A,,
2026-07-07,PBR,steady_value,11,N/A,8,N/A,1,2,,,N/A,N/A,N/A,N/A,N/A,N/A,N/A,N/A,3,N/A,2,N/A,3,N/A,N/A,N/A,N/A,N/A,N/A,N/A,N/A,N/A,N/A,N/A,N/A,1,N/A,N/A,N/A,2,N/A,N/A,,
2026-07-07,ADBE,steady_value,13,N/A,8,N/A,3,2,,,N/A,N/A,N/A,N/A,N/A,N/A,N/A,N/A,3,N/A,2,N/A,3,N/A,N/A,N/A,N/A,N/A,N/A,N/A,N/A,N/A,N/A,N/A,N/A,3,N/A,N/A,N/A,2,N/A,N/A,,
2026-07-07,CMCSA,steady_value,12,N/A,8,N/A,2,2,,,N/A,N/A,N/A,N/A,N/A,N/A,N/A,N/A,3,N/A,2,N/A,3,N/A,N/A,N/A,N/A,N/A,N/A,N/A,N/A,N/A,N/A,N/A,N/A,2,N/A,N/A,N/A,2,N/A,N/A,,
2026-07-07,ACN,steady_value,13,N/A,8,N/A,3,2,,,N/A,N/A,N/A,N/A,N/A,N/A,N/A,N/A,3,N/A,2,N/A,3,N/A,N/A,N/A,N/A,N/A,N/A,N/A,N/A,N/A,N/A,N/A,N/A,3,N/A,N/A,N/A,2,N/A,N/A,,
2026-07-07,NTES,steady_value,13,N/A,8,N/A,3,2,,,N/A,N/A,N/A,N/A,N/A,N/A,N/A,N/A,3,N/A,2,N/A,3,N/A,N/A,N/A,N/A,N/A,N/A,N/A,N/A,N/A,N/A,N/A,N/A,3,N/A,N/A,N/A,2,N/A,N/A,,
2026-07-07,EPD,steady_value,11,N/A,8,N/A,1,2,,,N/A,N/A,N/A,N/A,N/A,N/A,N/A,N/A,3,N/A,2,N/A,3,N/A,N/A,N/A,N/A,N/A,N/A,N/A,N/A,N/A,N/A,N/A,N/A,1,N/A,N/A,N/A,2,N/A,N/A,,
2026-07-07,NOC,steady_value,14,N/A,8,N/A,4,2,,,N/A,N/A,N/A,N/A,N/A,N/A,N/A,N/A,3,N/A,2,N/A,3,N/A,N/A,N/A,N/A,N/A,N/A,N/A,N/A,N/A,N/A,N/A,N/A,4,N/A,N/A,N/A,2,N/A,N/A,,
2026-07-07,AMX,steady_value,11,N/A,8,N/A,1,2,,,N/A,N/A,N/A,N/A,N/A,N/A,N/A,N/A,3,N/A,2,N/A,3,N/A,N/A,N/A,N/A,N/A,N/A,N/A,N/A,N/A,N/A,N/A,N/A,1,N/A,N/A,N/A,2,N/A,N/A,,
2026-07-07,AEM,steady_value,11,N/A,8,N/A,1,2,,,N/A,N/A,N/A,N/A,N/A,N/A,N/A,N/A,3,N/A,2,N/A,3,N/A,N/A,N/A,N/A,N/A,N/A,N/A,N/A,N/A,N/A,N/A,N/A,1,N/A,N/A,N/A,2,N/A,N/A,,
2026-07-07,INTU,steady_value,13,N/A,8,N/A,3,2,,,N/A,N/A,N/A,N/A,N/A,N/A,N/A,N/A,3,N/A,2,N/A,3,N/A,N/A,N/A,N/A,N/A,N/A,N/A,N/A,N/A,N/A,N/A,N/A,3,N/A,N/A,N/A,2,N/A,N/A,,
2026-07-07,SPG,steady_value,12,N/A,8,N/A,2,2,,,N/A,N/A,N/A,N/A,N/A,N/A,N/A,N/A,3,N/A,2,N/A,3,N/A,N/A,N/A,N/A,N/A,N/A,N/A,N/A,N/A,N/A,N/A,N/A,2,N/A,N/A,N/A,2,N/A,N/A,,
2026-07-07,EOG,steady_value,11,N/A,8,N/A,1,2,,,N/A,N/A,N/A,N/A,N/A,N/A,N/A,N/A,3,N/A,2,N/A,3,N/A,N/A,N/A,N/A,N/A,N/A,N/A,N/A,N/A,N/A,N/A,N/A,1,N/A,N/A,N/A,2,N/A,N/A,,
2026-07-07,MPLX,steady_value,11,N/A,8,N/A,1,2,,,N/A,N/A,N/A,N/A,N/A,N/A,N/A,N/A,3,N/A,2,N/A,3,N/A,N/A,N/A,N/A,N/A,N/A,N/A,N/A,N/A,N/A,N/A,N/A,1,N/A,N/A,N/A,2,N/A,N/A,,
2026-07-07,OKE,steady_value,11,N/A,8,N/A,1,2,,,N/A,N/A,N/A,N/A,N/A,N/A,N/A,N/A,3,N/A,2,N/A,3,N/A,N/A,N/A,N/A,N/A,N/A,N/A,N/A,N/A,N/A,N/A,N/A,1,N/A,N/A,N/A,2,N/A,N/A,,
2026-07-07,BKR,steady_value,11,N/A,8,N/A,1,2,,,N/A,N/A,N/A,N/A,N/A,N/A,N/A,N/A,3,N/A,2,N/A,3,N/A,N/A,N/A,N/A,N/A,N/A,N/A,N/A,N/A,N/A,N/A,N/A,1,N/A,N/A,N/A,2,N/A,N/A,,
2026-07-07,ABEV,steady_value,11,N/A,8,N/A,1,2,,,N/A,N/A,N/A,N/A,N/A,N/A,N/A,N/A,3,N/A,2,N/A,3,N/A,N/A,N/A,N/A,N/A,N/A,N/A,N/A,N/A,N/A,N/A,N/A,1,N/A,N/A,N/A,2,N/A,N/A,,
2026-07-07,DVN,steady_value,11,N/A,8,N/A,1,2,,,N/A,N/A,N/A,N/A,N/A,N/A,N/A,N/A,3,N/A,2,N/A,3,N/A,N/A,N/A,N/A,N/A,N/A,N/A,N/A,N/A,N/A,N/A,N/A,1,N/A,N/A,N/A,2,N/A,N/A,,
2026-07-07,INFY,steady_value,13,N/A,8,N/A,3,2,,,N/A,N/A,N/A,N/A,N/A,N/A,N/A,N/A,3,N/A,2,N/A,3,N/A,N/A,N/A,N/A,N/A,N/A,N/A,N/A,N/A,N/A,N/A,N/A,3,N/A,N/A,N/A,2,N/A,N/A,,
2026-07-07,AU,steady_value,11,N/A,8,N/A,1,2,,,N/A,N/A,N/A,N/A,N/A,N/A,N/A,N/A,3,N/A,2,N/A,3,N/A,N/A,N/A,N/A,N/A,N/A,N/A,N/A,N/A,N/A,N/A,N/A,1,N/A,N/A,N/A,2,N/A,N/A,,
2026-07-07,PYPL,steady_value,12,N/A,8,N/A,2,2,,,N/A,N/A,N/A,N/A,N/A,N/A,N/A,N/A,3,N/A,2,N/A,3,N/A,N/A,N/A,N/A,N/A,N/A,N/A,N/A,N/A,N/A,N/A,N/A,2,N/A,N/A,N/A,2,N/A,N/A,,
2026-07-07,CCL,steady_value,12,N/A,8,N/A,2,2,,,N/A,N/A,N/A,N/A,N/A,N/A,N/A,N/A,3,N/A,2,N/A,3,N/A,N/A,N/A,N/A,N/A,N/A,N/A,N/A,N/A,N/A,N/A,N/A,2,N/A,N/A,N/A,2,N/A,N/A,,
2026-07-07,ERIC,steady_value,14,N/A,8,N/A,4,2,,,N/A,N/A,N/A,N/A,N/A,N/A,N/A,N/A,3,N/A,2,N/A,3,N/A,N/A,N/A,N/A,N/A,N/A,N/A,N/A,N/A,N/A,N/A,N/A,4,N/A,N/A,N/A,2,N/A,N/A,,
2026-07-07,RYAAY,steady_value,11,N/A,8,N/A,1,2,,,N/A,N/A,N/A,N/A,N/A,N/A,N/A,N/A,3,N/A,2,N/A,3,N/A,N/A,N/A,N/A,N/A,N/A,N/A,N/A,N/A,N/A,N/A,N/A,1,N/A,N/A,N/A,2,N/A,N/A,,
2026-07-07,ZTS,steady_value,12,N/A,8,N/A,2,2,,,N/A,N/A,N/A,N/A,N/A,N/A,N/A,N/A,3,N/A,2,N/A,3,N/A,N/A,N/A,N/A,N/A,N/A,N/A,N/A,N/A,N/A,N/A,N/A,2,N/A,N/A,N/A,2,N/A,N/A,,
2026-07-07,LVS,steady_value,12,N/A,8,N/A,2,2,,,N/A,N/A,N/A,N/A,N/A,N/A,N/A,N/A,3,N/A,2,N/A,3,N/A,N/A,N/A,N/A,N/A,N/A,N/A,N/A,N/A,N/A,N/A,N/A,2,N/A,N/A,N/A,2,N/A,N/A,,
2026-07-07,GEHC,steady_value,12,N/A,8,N/A,2,2,,,N/A,N/A,N/A,N/A,N/A,N/A,N/A,N/A,3,N/A,2,N/A,3,N/A,N/A,N/A,N/A,N/A,N/A,N/A,N/A,N/A,N/A,N/A,N/A,2,N/A,N/A,N/A,2,N/A,N/A,,
2026-07-07,KGC,steady_value,11,N/A,8,N/A,1,2,,,N/A,N/A,N/A,N/A,N/A,N/A,N/A,N/A,3,N/A,2,N/A,3,N/A,N/A,N/A,N/A,N/A,N/A,N/A,N/A,N/A,N/A,N/A,N/A,1,N/A,N/A,N/A,2,N/A,N/A,,
2026-07-07,EIX,steady_value,11,N/A,8,N/A,1,2,,,N/A,N/A,N/A,N/A,N/A,N/A,N/A,N/A,3,N/A,2,N/A,3,N/A,N/A,N/A,N/A,N/A,N/A,N/A,N/A,N/A,N/A,N/A,N/A,1,N/A,N/A,N/A,2,N/A,N/A,,
2026-07-07,PPG,steady_value,11,N/A,8,N/A,1,2,,,N/A,N/A,N/A,N/A,N/A,N/A,N/A,N/A,3,N/A,2,N/A,3,N/A,N/A,N/A,N/A,N/A,N/A,N/A,N/A,N/A,N/A,N/A,N/A,1,N/A,N/A,N/A,2,N/A,N/A,,
2026-07-07,WTW,steady_value,12,N/A,8,N/A,2,2,,,N/A,N/A,N/A,N/A,N/A,N/A,N/A,N/A,3,N/A,2,N/A,3,N/A,N/A,N/A,N/A,N/A,N/A,N/A,N/A,N/A,N/A,N/A,N/A,2,N/A,N/A,N/A,2,N/A,N/A,,
2026-07-07,ZM,steady_value,13,N/A,8,N/A,3,2,,,N/A,N/A,N/A,N/A,N/A,N/A,N/A,N/A,3,N/A,2,N/A,3,N/A,N/A,N/A,N/A,N/A,N/A,N/A,N/A,N/A,N/A,N/A,N/A,3,N/A,N/A,N/A,2,N/A,N/A,,
2026-07-07,PHM,steady_value,11,N/A,8,N/A,1,2,,,N/A,N/A,N/A,N/A,N/A,N/A,N/A,N/A,3,N/A,2,N/A,3,N/A,N/A,N/A,N/A,N/A,N/A,N/A,N/A,N/A,N/A,N/A,N/A,1,N/A,N/A,N/A,2,N/A,N/A,,
2026-07-07,TROW,steady_value,12,N/A,8,N/A,2,2,,,N/A,N/A,N/A,N/A,N/A,N/A,N/A,N/A,3,N/A,2,N/A,3,N/A,N/A,N/A,N/A,N/A,N/A,N/A,N/A,N/A,N/A,N/A,N/A,2,N/A,N/A,N/A,2,N/A,N/A,,
2026-07-07,FSLR,steady_value,14,N/A,8,N/A,4,2,,,N/A,N/A,N/A,N/A,N/A,N/A,N/A,N/A,3,N/A,2,N/A,3,N/A,N/A,N/A,N/A,N/A,N/A,N/A,N/A,N/A,N/A,N/A,N/A,4,N/A,N/A,N/A,2,N/A,N/A,,
2026-07-07,STZ,steady_value,11,N/A,8,N/A,1,2,,,N/A,N/A,N/A,N/A,N/A,N/A,N/A,N/A,3,N/A,2,N/A,3,N/A,N/A,N/A,N/A,N/A,N/A,N/A,N/A,N/A,N/A,N/A,N/A,1,N/A,N/A,N/A,2,N/A,N/A,,
2026-07-07,AER,steady_value,12,N/A,8,N/A,2,2,,,N/A,N/A,N/A,N/A,N/A,N/A,N/A,N/A,3,N/A,2,N/A,3,N/A,N/A,N/A,N/A,N/A,N/A,N/A,N/A,N/A,N/A,N/A,N/A,2,N/A,N/A,N/A,2,N/A,N/A,,
2026-07-07,FOX,steady_value,12,N/A,8,N/A,2,2,,,N/A,N/A,N/A,N/A,N/A,N/A,N/A,N/A,3,N/A,2,N/A,3,N/A,N/A,N/A,N/A,N/A,N/A,N/A,N/A,N/A,N/A,N/A,N/A,2,N/A,N/A,N/A,2,N/A,N/A,,
2026-07-07,EXE,steady_value,11,N/A,8,N/A,1,2,,,N/A,N/A,N/A,N/A,N/A,N/A,N/A,N/A,3,N/A,2,N/A,3,N/A,N/A,N/A,N/A,N/A,N/A,N/A,N/A,N/A,N/A,N/A,N/A,1,N/A,N/A,N/A,2,N/A,N/A,,
2026-07-07,FIS,steady_value,13,N/A,8,N/A,3,2,,,N/A,N/A,N/A,N/A,N/A,N/A,N/A,N/A,3,N/A,2,N/A,3,N/A,N/A,N/A,N/A,N/A,N/A,N/A,N/A,N/A,N/A,N/A,N/A,3,N/A,N/A,N/A,2,N/A,N/A,,
2026-07-07,SBS,steady_value,11,N/A,8,N/A,1,2,,,N/A,N/A,N/A,N/A,N/A,N/A,N/A,N/A,3,N/A,2,N/A,3,N/A,N/A,N/A,N/A,N/A,N/A,N/A,N/A,N/A,N/A,N/A,N/A,1,N/A,N/A,N/A,2,N/A,N/A,,
2026-07-07,BCE,steady_value,11,N/A,8,N/A,1,2,,,N/A,N/A,N/A,N/A,N/A,N/A,N/A,N/A,3,N/A,2,N/A,3,N/A,N/A,N/A,N/A,N/A,N/A,N/A,N/A,N/A,N/A,N/A,N/A,1,N/A,N/A,N/A,2,N/A,N/A,,
2026-07-07,ULTA,steady_value,12,N/A,8,N/A,2,2,,,N/A,N/A,N/A,N/A,N/A,N/A,N/A,N/A,3,N/A,2,N/A,3,N/A,N/A,N/A,N/A,N/A,N/A,N/A,N/A,N/A,N/A,N/A,N/A,2,N/A,N/A,N/A,2,N/A,N/A,,
2026-07-07,PAAS,steady_value,11,N/A,8,N/A,1,2,,,N/A,N/A,N/A,N/A,N/A,N/A,N/A,N/A,3,N/A,2,N/A,3,N/A,N/A,N/A,N/A,N/A,N/A,N/A,N/A,N/A,N/A,N/A,N/A,1,N/A,N/A,N/A,2,N/A,N/A,,
2026-07-07,WIT,steady_value,13,N/A,8,N/A,3,2,,,N/A,N/A,N/A,N/A,N/A,N/A,N/A,N/A,3,N/A,2,N/A,3,N/A,N/A,N/A,N/A,N/A,N/A,N/A,N/A,N/A,N/A,N/A,N/A,3,N/A,N/A,N/A,2,N/A,N/A,,
2026-07-07,NVR,steady_value,11,N/A,8,N/A,1,2,,,N/A,N/A,N/A,N/A,N/A,N/A,N/A,N/A,3,N/A,2,N/A,3,N/A,N/A,N/A,N/A,N/A,N/A,N/A,N/A,N/A,N/A,N/A,N/A,1,N/A,N/A,N/A,2,N/A,N/A,,
2026-07-07,WES,steady_value,11,N/A,8,N/A,1,2,,,N/A,N/A,N/A,N/A,N/A,N/A,N/A,N/A,3,N/A,2,N/A,3,N/A,N/A,N/A,N/A,N/A,N/A,N/A,N/A,N/A,N/A,N/A,N/A,1,N/A,N/A,N/A,2,N/A,N/A,,
2026-07-07,THC,steady_value,12,N/A,8,N/A,2,2,,,N/A,N/A,N/A,N/A,N/A,N/A,N/A,N/A,3,N/A,2,N/A,3,N/A,N/A,N/A,N/A,N/A,N/A,N/A,N/A,N/A,N/A,N/A,N/A,2,N/A,N/A,N/A,2,N/A,N/A,,
2026-07-07,BR,steady_value,13,N/A,8,N/A,3,2,,,N/A,N/A,N/A,N/A,N/A,N/A,N/A,N/A,3,N/A,2,N/A,3,N/A,N/A,N/A,N/A,N/A,N/A,N/A,N/A,N/A,N/A,N/A,N/A,3,N/A,N/A,N/A,2,N/A,N/A,,
2026-07-07,GEN,steady_value,13,N/A,8,N/A,3,2,,,N/A,N/A,N/A,N/A,N/A,N/A,N/A,N/A,3,N/A,2,N/A,3,N/A,N/A,N/A,N/A,N/A,N/A,N/A,N/A,N/A,N/A,N/A,N/A,3,N/A,N/A,N/A,2,N/A,N/A,,
2026-07-07,HST,steady_value,12,N/A,8,N/A,2,2,,,N/A,N/A,N/A,N/A,N/A,N/A,N/A,N/A,3,N/A,2,N/A,3,N/A,N/A,N/A,N/A,N/A,N/A,N/A,N/A,N/A,N/A,N/A,N/A,2,N/A,N/A,N/A,2,N/A,N/A,,
2026-07-07,TOL,steady_value,11,N/A,8,N/A,1,2,,,N/A,N/A,N/A,N/A,N/A,N/A,N/A,N/A,3,N/A,2,N/A,3,N/A,N/A,N/A,N/A,N/A,N/A,N/A,N/A,N/A,N/A,N/A,N/A,1,N/A,N/A,N/A,2,N/A,N/A,,
2026-07-07,DECK,steady_value,11,N/A,8,N/A,1,2,,,N/A,N/A,N/A,N/A,N/A,N/A,N/A,N/A,3,N/A,2,N/A,3,N/A,N/A,N/A,N/A,N/A,N/A,N/A,N/A,N/A,N/A,N/A,N/A,1,N/A,N/A,N/A,2,N/A,N/A,,
2026-07-07,YUMC,steady_value,12,N/A,8,N/A,2,2,,,N/A,N/A,N/A,N/A,N/A,N/A,N/A,N/A,3,N/A,2,N/A,3,N/A,N/A,N/A,N/A,N/A,N/A,N/A,N/A,N/A,N/A,N/A,N/A,2,N/A,N/A,N/A,2,N/A,N/A,,
2026-07-07,PTC,steady_value,13,N/A,8,N/A,3,2,,,N/A,N/A,N/A,N/A,N/A,N/A,N/A,N/A,3,N/A,2,N/A,3,N/A,N/A,N/A,N/A,N/A,N/A,N/A,N/A,N/A,N/A,N/A,N/A,3,N/A,N/A,N/A,2,N/A,N/A,,
2026-07-07,MKC,steady_value,11,N/A,8,N/A,1,2,,,N/A,N/A,N/A,N/A,N/A,N/A,N/A,N/A,3,N/A,2,N/A,3,N/A,N/A,N/A,N/A,N/A,N/A,N/A,N/A,N/A,N/A,N/A,N/A,1,N/A,N/A,N/A,2,N/A,N/A,,
2026-07-07,CHKP,steady_value,13,N/A,8,N/A,3,2,,,N/A,N/A,N/A,N/A,N/A,N/A,N/A,N/A,3,N/A,2,N/A,3,N/A,N/A,N/A,N/A,N/A,N/A,N/A,N/A,N/A,N/A,N/A,N/A,3,N/A,N/A,N/A,2,N/A,N/A,,
2026-07-07,GIB,steady_value,13,N/A,8,N/A,3,2,,,N/A,N/A,N/A,N/A,N/A,N/A,N/A,N/A,3,N/A,2,N/A,3,N/A,N/A,N/A,N/A,N/A,N/A,N/A,N/A,N/A,N/A,N/A,N/A,3,N/A,N/A,N/A,2,N/A,N/A,,
2026-07-07,LDOS,steady_value,13,N/A,8,N/A,3,2,,,N/A,N/A,N/A,N/A,N/A,N/A,N/A,N/A,3,N/A,2,N/A,3,N/A,N/A,N/A,N/A,N/A,N/A,N/A,N/A,N/A,N/A,N/A,N/A,3,N/A,N/A,N/A,2,N/A,N/A,,
2026-07-07,LULU,steady_value,11,N/A,8,N/A,1,2,,,N/A,N/A,N/A,N/A,N/A,N/A,N/A,N/A,3,N/A,2,N/A,3,N/A,N/A,N/A,N/A,N/A,N/A,N/A,N/A,N/A,N/A,N/A,N/A,1,N/A,N/A,N/A,2,N/A,N/A,,
2026-07-07,AGI,steady_value,11,N/A,8,N/A,1,2,,,N/A,N/A,N/A,N/A,N/A,N/A,N/A,N/A,3,N/A,2,N/A,3,N/A,N/A,N/A,N/A,N/A,N/A,N/A,N/A,N/A,N/A,N/A,N/A,1,N/A,N/A,N/A,2,N/A,N/A,,
2026-07-07,GLPI,steady_value,12,N/A,8,N/A,2,2,,,N/A,N/A,N/A,N/A,N/A,N/A,N/A,N/A,3,N/A,2,N/A,3,N/A,N/A,N/A,N/A,N/A,N/A,N/A,N/A,N/A,N/A,N/A,N/A,2,N/A,N/A,N/A,2,N/A,N/A,,
2026-07-07,BF.A,steady_value,11,N/A,8,N/A,1,2,,,N/A,N/A,N/A,N/A,N/A,N/A,N/A,N/A,3,N/A,2,N/A,3,N/A,N/A,N/A,N/A,N/A,N/A,N/A,N/A,N/A,N/A,N/A,N/A,1,N/A,N/A,N/A,2,N/A,N/A,,
2026-07-07,GDDY,steady_value,13,N/A,8,N/A,3,2,,,N/A,N/A,N/A,N/A,N/A,N/A,N/A,N/A,3,N/A,2,N/A,3,N/A,N/A,N/A,N/A,N/A,N/A,N/A,N/A,N/A,N/A,N/A,N/A,3,N/A,N/A,N/A,2,N/A,N/A,,
2026-07-07,APA,steady_value,11,N/A,8,N/A,1,2,,,N/A,N/A,N/A,N/A,N/A,N/A,N/A,N/A,3,N/A,2,N/A,3,N/A,N/A,N/A,N/A,N/A,N/A,N/A,N/A,N/A,N/A,N/A,N/A,1,N/A,N/A,N/A,2,N/A,N/A,,
2026-07-07,SEIC,steady_value,12,N/A,8,N/A,2,2,,,N/A,N/A,N/A,N/A,N/A,N/A,N/A,N/A,3,N/A,2,N/A,3,N/A,N/A,N/A,N/A,N/A,N/A,N/A,N/A,N/A,N/A,N/A,N/A,2,N/A,N/A,N/A,2,N/A,N/A,,
2026-07-07,TIMB,steady_value,11,N/A,8,N/A,1,2,,,N/A,N/A,N/A,N/A,N/A,N/A,N/A,N/A,3,N/A,2,N/A,3,N/A,N/A,N/A,N/A,N/A,N/A,N/A,N/A,N/A,N/A,N/A,N/A,1,N/A,N/A,N/A,2,N/A,N/A,,
2026-07-07,AES,steady_value,11,N/A,8,N/A,1,2,,,N/A,N/A,N/A,N/A,N/A,N/A,N/A,N/A,3,N/A,2,N/A,3,N/A,N/A,N/A,N/A,N/A,N/A,N/A,N/A,N/A,N/A,N/A,N/A,1,N/A,N/A,N/A,2,N/A,N/A,,
2026-07-07,HBM,steady_value,11,N/A,8,N/A,1,2,,,N/A,N/A,N/A,N/A,N/A,N/A,N/A,N/A,3,N/A,2,N/A,3,N/A,N/A,N/A,N/A,N/A,N/A,N/A,N/A,N/A,N/A,N/A,N/A,1,N/A,N/A,N/A,2,N/A,N/A,,
